title,relatedTickers,publisher,date
"Amazon ditches remote work, Apple's new iPhone struggles, Elon Musk vs. the FAA: Tech news roundup","AAPL,TSLA",Quartz,2024-09-21
"Dow Jones Futures: Stock Market Bulls In Control; Meta, Apple, Tesla In Buy Areas","^DJI,TSLA,META,NVDA,^GSPC,COMP,AAPL",Investor's Business Daily,2024-09-21
Where Will Apple Stock Be in 3 Years?,AAPL,Motley Fool,2024-09-21
Apple Is the World’s Most Valuable Stock. It’s Still Underestimated.,AAPL,Barrons.com,2024-09-21
Apple (AAPL) Dips More Than Broader Market: What You Should Know,AAPL,Zacks,2024-09-21
Apple iPhone 16 Handsets Are Finally Out In The Wild,AAPL,Investor's Business Daily,2024-09-21
Why Apple's iPhone 16 just is 'not hitting home' with consumers,AAPL,Yahoo Finance Video,2024-09-21
"Here are the hottest product announcements from Apple, Google, Microsoft and others so far in 2024","AAPL,GOOG,MSFT,XIACY,NVDA,SSNLF",TechCrunch,2024-09-21
3 Stocks to Take Advantage of the Next Wave of Artificial Intelligence (AI) Investing,"AMZN,NVDA,MSFT,GOOG",Motley Fool,2024-09-21
"Amazon's RTO backlash, Nike's CEO switch, and Bill Gates on taxing the rich: Leadership news roundup","AMZN,NKE",Quartz,2024-09-21
Did Amazon Just Save Intel Stock?,"INTC,AMZN,TSM,NVDA",Motley Fool,2024-09-21
How Much Is Billionaire Jeff Bezos Spending on Blue Origin?,"AMZN,GOOG",Motley Fool,2024-09-21
The Best Warren Buffett Stocks to Buy With $500 Right Now,"AMZN,LEN-B,OXY",Motley Fool,2024-09-21
"As Microsoft and Amazon Look to Benefit From AI Outside of Cloud Computing, Are the Stocks Buys?","MSFT,AMZN",Motley Fool,2024-09-21
3 Warren Buffett Stocks That Are Beating the Market This Year and Can Still Go Higher,"TMUS,AXP,AMZN,^GSPC",Motley Fool,2024-09-21
Have $500? 2 Absurdly Cheap Stocks Long-Term Investors Should Buy Right Now,"AMZN,MNST",Motley Fool,2024-09-21
"Dow Jones Futures: Stock Market Bulls In Control; Meta, Apple, Tesla In Buy Areas","^DJI,TSLA,META,NVDA,^GSPC,COMP,AAPL",Investor's Business Daily,2024-09-21
Here's Why We Think Meta Platforms (NASDAQ:META) Might Deserve Your Attention Today,META,Simply Wall St.,2024-09-21
"Meta, IBD Stock Of The Day, In A Buy Zone Even As Mag 7 Stocks Stall","META,^GSPC",Investor's Business Daily,2024-09-21
"Meta Stock, Two Others Break Out To New Highs","IBKR,META,SPOT",Investor's Business Daily,2024-09-21
Facebook loses jurisdiction appeal in Kenyan court paving the way for moderators' case to proceed,META,Associated Press Finance,2024-09-21
Magnificent Seven Stocks: Nvidia Stock Slides; Apple Nears Buy Point,"NVDA,AAPL,TSLA,META,MSFT",Investor's Business Daily,2024-09-21
Former Snap design engineer on new AR glasses: 'Obviously bad',"META,SNAP,MSFT,AAPL",Yahoo Finance,2024-09-21
"Market Chatter: Meta Platforms Can Face Legal Action in Kenya Over Content Moderator Dismissals, Appeal Court Ruling Says",META,MT Newswires,2024-09-21
3 Stocks to Take Advantage of the Next Wave of Artificial Intelligence (AI) Investing,"AMZN,NVDA,MSFT,GOOG",Motley Fool,2024-09-21
How Much Is Billionaire Jeff Bezos Spending on Blue Origin?,"AMZN,GOOG",Motley Fool,2024-09-21
This Metric Says Buy the Dip on These Nasdaq Stocks,"AMD,GOOG,NVDA",Motley Fool,2024-09-21
Google Judge Questions Company Testimony as Ad Defense Begins,"GOOG,MSFT",Bloomberg,2024-09-21
"Snowflake Hacker Still Active, Finding New Victims, Expert Says","SNOW,GOOG",Bloomberg,2024-09-21
Google begins its defense in antitrust case alleging monopoly over advertising technology,GOOG,Associated Press Finance,2024-09-21
Sector Update: Tech Stocks Slide Late Afternoon,GOOG,MT Newswires,2024-09-21
"Here are the hottest product announcements from Apple, Google, Microsoft and others so far in 2024","AAPL,GOOG,MSFT,XIACY,NVDA,SSNLF",TechCrunch,2024-09-21
"Netflix, Eli Lilly Lead 5 Fast Growers Near Buy Points","LLY,NFLX,WING,IBKR,FOUR",Investor's Business Daily,2024-09-21
"A Look At The Intrinsic Value Of Netflix, Inc. (NASDAQ:NFLX)",NFLX,Simply Wall St.,2024-09-21
"NFLX, DIS, or WBD: Which Streaming Giant Is the Best Investment?","DIS,NFLX,WBD",TipRanks,2024-09-21
"Netflix Insider Sold Shares Worth $306,020, According to a Recent SEC Filing",NFLX,MT Newswires,2024-09-21
Stock Market Earnings Season Quiets Down: But These Names Poised For Breakouts,"^DJI,NFLX,MU,WING,COST",Investor's Business Daily,2024-09-21
"As Nvidia Clings To Support, Top Funds Binge On This Breakout Stock — With A Catch","NFLX,NVDA",Investor's Business Daily,2024-09-21
Lily Collins Favors Another Spin on the Little Black Dress in an Off-the-shoulder Alessandra Rich Look for ‘Emily in Paris’ Event With Costars,NFLX,WWD,2024-09-21
"Top Research Reports for NVIDIA, Netflix & Applied Materials","NFLX,NVDA,AMAT,ANET,PH,TDG",Zacks,2024-09-21
